{
  "created_at": "2026-05-10T00:18:12Z",
  "wall_clock_s": 34.812,
  "config_hash": "sha256:c5b75b2b0552e5445ac724e8bab6683b6d8b92255d1f2ad5d01cdeebb81ff273",
  "grid": {
    "Nx_inner": 370,
    "Ny_inner": 197,
    "Nz_inner": 254,
    "Nx_total": 410,
    "Ny_total": 237,
    "Nz_total": 294,
    "pml_thickness": 20,
    "dx": 0.017150000000000002,
    "dt": 2.742413778650723e-05,
    "total_steps": 3647
  },
  "sources": [
    {
      "index": 0,
      "position": [
        -2.1352,
        -0.6517,
        -1.1405
      ],
      "waveform_type": "Gauss",
      "waveform": {
        "type": "Gauss",
        "freq": 2000.0,
        "amp": 1000.0,
        "vol": 1.0
      }
    }
  ],
  "receivers": [
    {
      "index": 0,
      "name": "mic_1",
      "position": [
        2.9241,
        -0.9604,
        1.7236
      ],
      "file": "mic_1.wav"
    }
  ]
}