{
  "created_at": "2026-05-10T00:47:51Z",
  "wall_clock_s": 48.2,
  "config_hash": "sha256:a439cf0d8b8eff11781d7124a2ada801ee6d677a7ba9c7b2608813543699e37c",
  "grid": {
    "Nx_inner": 139,
    "Ny_inner": 169,
    "Nz_inner": 897,
    "Nx_total": 179,
    "Ny_total": 209,
    "Nz_total": 937,
    "pml_thickness": 20,
    "dx": 0.017150000000000002,
    "dt": 2.742413778650723e-05,
    "total_steps": 3647
  },
  "sources": [
    {
      "index": 0,
      "position": [
        -0.1544,
        -0.6517,
        4.7849
      ],
      "waveform_type": "Gauss",
      "waveform": {
        "type": "Gauss",
        "freq": 2000.0,
        "amp": 1000.0,
        "vol": 1.0
      }
    }
  ],
  "receivers": [
    {
      "index": 0,
      "name": "mic_1",
      "position": [
        0.0343,
        -0.4116,
        -6.8257
      ],
      "file": "mic_1.wav"
    }
  ]
}